D_SOLONOX_MODE,D_STARTING,NGP,D_GAS_FUEL_ACTIVE,D_LIQ_FUEL_ACTIVE,POWER,P_HDR_LUBOIL,T5_1_AVG,ANGLE_IGV,T5_SETPOINT,T7_0_SETPOINT,T7_0_AVG
1,0,80,1,0,2500,37.62569046,1353.703613,13.63319969,1360.004028,960,945.5
1,0,90,1,0,10991,37.54301834,1351.067383,13.63319969,1360.004028,930.2000122,948.5599976
0,0,100,1,0,10757.5,37.48645401,1360.369263,13.28724003,1360.004028,926.2399902,945.5
0,0,3.105900049,0,1,0,15.08972645,317.6070862,0,1180.004028,468.8599854,488.480011
0,1,0,1,0,0,4,0,0,0,0,0
0,1,0,1,0,0,2,0,0,0,0,0
